insert into users(id ,email, password, name ,role) values(1,'aika@gmail.com', '$2a$12$g5QAiwQM0ypI4pP9OHwfKO7flRMY0lO1U9YYeAW9surOrqWHg8SQm','Aika','ADMIN');
insert into users(id ,email, password, name ,role) values(2,'client@gmail.com', '$2a$12$IRBiOjPIL6PmHWcqwZR81.a7q/.LCK2CeeDXTyKCPlueIaCgeLuEm','Client','CLIENT');
insert into users(id ,email, password, name ,role) values(3,'datka@gmail.com', '$2a$12$IRBiOjPIL6PmHWcqwZR81.a7q/.LCK2CeeDXTyKCPlueIaCgeLuEm','Client','CLIENT');
insert into users(id ,email, password, name ,role) values(4,'aijamal@gmail.com', '$2a$12$IRBiOjPIL6PmHWcqwZR81.a7q/.LCK2CeeDXTyKCPlueIaCgeLuEm','Client','CLIENT');
insert into products(id ,title, price, color, category, date_of_creation, image) values(1,'Product 1', 100, 'Blue', 'FEMALE', '2021-01-01','https://peaksoftbucket.s3.eu-central-1.amazonaws.com/1667200672046Screen%2BShot%2B2022-10-30%2Bat%2B23.14.10.png');
insert into products(id ,title, price, color, category, date_of_creation, image) values(2,'Product 2', 200, 'Red', 'MALE', '2021-01-01','https://peaksoftbucket.s3.eu-central-1.amazonaws.com/1667200672046Screen%2BShot%2B2022-10-30%2Bat%2B23.14.10.png');
insert into products(id ,title, price, color, category, date_of_creation, image) values(3,'Product 3', 335, 'Green', 'CHILDREN', '2021-01-01','https://peaksoftbucket.s3.eu-central-1.amazonaws.com/1667200672046Screen%2BShot%2B2022-10-30%2Bat%2B23.14.10.png');
insert into products(id ,title, price, color, category, date_of_creation, image) values(4,'Product 4', 1700, 'Purple', 'MALE', '2021-01-01','https://peaksoftbucket.s3.eu-central-1.amazonaws.com/1667200672046Screen%2BShot%2B2022-10-30%2Bat%2B23.14.10.png');
insert into products(id ,title, price, color, category, date_of_creation, image) values(5,'Product 5', 1100, 'Yellow', 'MALE', '2021-01-01','https://peaksoftbucket.s3.eu-central-1.amazonaws.com/1667200672046Screen%2BShot%2B2022-10-30%2Bat%2B23.14.10.png');
insert into products(id ,title, price, color, category, date_of_creation, image) values(6,'Product 6', 100, 'Orange', 'FEMALE', '2021-01-01','https://peaksoftbucket.s3.eu-central-1.amazonaws.com/1667200672046Screen%2BShot%2B2022-10-30%2Bat%2B23.14.10.png');
insert into products(id ,title, price, color, category, date_of_creation, image) values(7,'Product 7', 300, 'Pink', 'MALE', '2021-01-01','https://peaksoftbucket.s3.eu-central-1.amazonaws.com/1667200672046Screen%2BShot%2B2022-10-30%2Bat%2B23.14.10.png');
insert into products(id ,title, price, color, category, date_of_creation, image) values(8,'Product 8', 300, 'Rose', 'FEMALE', '2021-01-01','https://peaksoftbucket.s3.eu-central-1.amazonaws.com/1667200672046Screen%2BShot%2B2022-10-30%2Bat%2B23.14.10.png');
insert into products(id ,title, price, color, category, date_of_creation, image) values(9,'Product 9', 900, 'Brown', 'FEMALE', '2021-01-01','https://peaksoftbucket.s3.eu-central-1.amazonaws.com/1667200672046Screen%2BShot%2B2022-10-30%2Bat%2B23.14.10.png');
insert into products(id ,title, price, color, category, date_of_creation, image) values(10,'Product 10', 500, 'Green', 'CHILDREN', '2021-01-01','https://peaksoftbucket.s3.eu-central-1.amazonaws.com/1667200672046Screen%2BShot%2B2022-10-30%2Bat%2B23.14.10.png');
insert into product_sizes(product_id, sizes) values(1, 'S');
insert into product_sizes(product_id, sizes) values(1, 'M');
insert into product_sizes(product_id, sizes) values(2, 'L');
insert into product_sizes(product_id, sizes) values(2, 'L');
insert into product_sizes(product_id, sizes) values(4, 'XXL');
insert into product_sizes(product_id, sizes) values(4, 'XS');
insert into product_sizes(product_id, sizes) values(5, 'S');
insert into product_sizes(product_id, sizes) values(5, 'M');
insert into product_sizes(product_id, sizes) values(6, 'M');
insert into product_sizes(product_id, sizes) values(6, 'XS');
insert into product_sizes(product_id, sizes) values(7, 'XL');
insert into product_sizes(product_id, sizes) values(8, 'S');
insert into product_sizes(product_id, sizes) values(8, 'M');
insert into product_sizes(product_id, sizes) values(9, 'L');